Year,Local,Global,Team,Rating,Change Rank,Change Rating,Avg Rank,Avg Rating,Year Rank,Year Rating,Total,Home,Away,Neutral,Win,Losses,Draws
1930,1,1,Argentina,2062,0,-15,3,1981,0,-9,185,86,72,27,92,50,43
1930,2,2,Uruguay,2037,1,65,4,1950,0,0,167,68,72,27,78,54,35
1930,3,9,Brazil,1880,-2,-50,7,1892,-4,-50,41,12,14,15,17,16,8
1930,4,15,United States,1773,5,87,17,1703,6,87,14,2,6,6,7,5,2
1930,5,16,Paraguay,1739,-1,-41,16,1742,6,54,51,13,19,19,16,28,7
1930,6,25,Chile,1646,7,68,31,1429,7,68,43,12,14,17,5,31,7
1930,7,28,Yugoslavia,1631,5,56,32,1563,1,21,39,14,19,6,14,21,4
1930,8,31,Romania,1601,4,35,32,1568,8,69,26,12,12,2,11,11,4
1930,9,33,Belgium,1571,-6,-64,13,1770,-9,-60,119,63,51,5,42,59,18
1930,10,35,France,1559,5,36,22,1568,1,19,98,52,38,8,25,63,10
1930,11,40,Peru,1498,-4,-44,32,1568,-8,-80,8,3,2,3,1,7,0
1930,12,41,Mexico,1495,-11,-118,22,1675,-13,-118,11,3,3,5,4,6,1
1930,13,63,Bolivia,1244,-2,-15,58,1261,-4,-15,9,0,2,7,0,9,0
1934,1,1,Italy,2046,4,73,13,1743,3,54,116,60,42,14,56,31,29
1934,2,2,Argentina,2013,-1,-52,3,1990,-1,-41,196,91,77,28,98,53,45
1934,3,3,Austria,1993,-1,-55,7,1879,0,-7,166,76,82,8,82,52,32
1934,4,6,Spain,1968,1,33,4,1968,2,59,50,19,22,9,33,9,8
1934,5,7,Czechoslovakia,1903,2,57,8,1878,4,74,97,39,49,9,50,26,21
1934,6,9,Brazil,1863,-3,-76,7,1897,-2,-76,48,16,16,16,22,18,8
1934,7,10,Germany,1853,2,53,15,1701,3,95,104,48,47,9,40,43,21
1934,8,11,Hungary,1846,0,16,6,1896,-1,7,178,85,86,7,85,55,38
1934,9,15,United States,1764,-1,-20,16,1717,-3,-4,17,2,8,7,8,7,2
1934,10,16,Sweden,1756,1,25,15,1710,5,65,184,91,82,11,86,69,29
1934,11,20,Egypt,1685,-2,-31,20,1690,-1,-16,17,2,5,10,8,7,2
1934,12,24,Netherlands,1664,-3,-37,11,1840,3,19,137,67,58,12,59,54,24
1934,13,27,Switzerland,1636,4,23,22,1563,1,-2,127,61,57,9,33,72,22
1934,14,28,Romania,1629,-2,-14,32,1580,3,31,43,19,19,5,22,16,5
1934,15,31,France,1610,-1,-5,24,1569,3,22,125,65,51,9,33,78,14
1934,16,40,Belgium,1524,-2,-20,15,1747,-8,-67,152,80,66,6,52,77,23
1938,1,1,Italy,2122,1,71,11,1788,0,50,143,69,54,20,75,34,34
1938,2,6,Hungary,1944,0,23,7,1895,4,60,213,98,104,11,105,64,44
1938,3,7,Brazil,1935,0,27,8,1894,0,27,59,16,18,25,29,21,9
1938,4,12,Czechoslovakia,1823,1,21,8,1880,-3,-68,129,54,63,12,62,37,30
1938,5,14,Germany,1761,-3,-75,15,1723,-2,-76,152,74,67,11,71,52,29
1938,6,17,Norway,1727,0,-3,25,1537,3,22,130,65,55,10,43,62,25
1938,7,18,Switzerland,1720,5,52,23,1572,14,123,165,79,73,13,43,93,29
1938,8,22,Netherlands,1670,-3,-39,12,1824,-5,-60,159,80,66,13,70,61,28
1938,9,25,Sweden,1664,2,12,15,1713,-5,-41,216,106,95,15,101,82,33
1938,10,30,France,1637,2,13,24,1574,4,54,149,82,58,9,43,90,16
1938,11,32,Poland,1623,-2,-10,28,1615,4,45,74,35,36,3,28,33,13
1938,12,39,Belgium,1539,-2,-26,19,1720,2,2,179,93,80,6,58,91,30
1938,13,40,Romania,1527,-2,-32,33,1577,-5,-53,68,28,29,11,30,26,12
1938,14,42,Cuba,1520,-1,-26,30,1614,-2,-26,19,5,7,7,10,7,2
1938,15,46,Dutch East Indies,1458,0,-9,47,1467,0,-9,4,0,1,3,1,3,0
1950,1,2,Brazil,2014,2,45,7,1907,3,30,115,47,29,39,61,36,18
1950,2,3,England,1985,-1,-91,3,1996,-1,-52,316,127,182,7,210,63,43
1950,3,4,Italy,1976,1,10,9,1872,0,-22,177,87,67,23,96,42,39
1950,4,5,Sweden,1948,-2,-24,15,1735,-2,-59,286,137,124,25,145,99,42
1950,5,9,Yugoslavia,1875,4,57,30,1614,7,109,141,54,66,21,61,60,20
1950,6,10,Uruguay,1871,8,135,6,1937,12,152,264,95,105,64,122,95,47
1950,7,11,Spain,1868,-2,-29,5,1950,-2,-25,84,32,38,14,48,19,17
1950,8,13,Paraguay,1848,-3,-29,16,1749,-3,-22,108,21,37,50,38,53,17
1950,9,19,Switzerland,1732,2,23,21,1621,-1,-8,225,106,104,15,67,121,37
1950,10,21,Mexico,1724,-9,-102,21,1713,-8,-64,38,13,7,18,25,11,2
1950,11,30,Chile,1640,3,41,30,1530,-3,1,103,28,25,50,26,64,13
1950,12,44,United States,1566,-4,-14,19,1699,-3,-1,35,5,16,14,10,22,3
1950,13,63,Bolivia,1423,0,-22,66,1286,-3,11,43,1,8,34,8,29,6
1954,1,1,Hungary,2186,0,45,7,1903,0,87,308,135,153,20,164,81,63
1954,2,2,West Germany,2092,3,154,12,1779,6,181,223,105,101,17,118,67,38
1954,3,4,Brazil,2010,-1,-21,7,1918,0,39,134,49,33,52,74,40,20
1954,4,5,England,1970,-1,-47,3,1996,-2,-29,348,140,199,9,226,70,52
1954,5,6,Austria,1965,5,101,8,1881,5,110,254,116,125,13,120,85,49
1954,6,7,Uruguay,1938,3,62,6,1932,2,55,285,97,110,78,133,102,50
1954,7,9,Yugoslavia,1911,-3,-21,27,1648,-4,-20,175,66,80,29,83,67,25
1954,8,11,Italy,1827,-2,-63,8,1876,2,-12,196,95,76,25,104,48,44
1954,9,13,Scotland,1800,-5,-91,4,1957,-7,-124,242,113,127,2,145,53,44
1954,10,14,France,1773,1,7,24,1614,1,15,216,117,87,12,73,117,26
1954,11,16,Belgium,1748,-2,-26,25,1675,0,-2,249,127,114,8,83,119,47
1954,12,17,Switzerland,1724,10,48,21,1628,9,51,253,124,114,15,75,137,41
1954,13,25,Czechoslovakia,1687,-8,-61,9,1859,-7,-53,183,78,91,14,84,59,40
1954,14,28,Turkey,1660,6,42,51,1444,12,78,63,29,23,11,22,32,9
1954,15,30,Mexico,1654,-6,-39,21,1709,0,19,49,16,9,24,30,17,2
1954,16,41,South Korea,1588,-15,-90,18,1733,-24,-159,19,0,10,9,11,4,4
1958,1,1,Brazil,2139,3,165,6,1926,3,148,187,67,50,70,106,49,32
1958,2,2,Hungary,1983,-1,-94,7,1920,0,-113,351,152,176,23,191,89,71
1958,3,3,England,1949,0,-61,3,1996,0,-65,383,154,216,13,246,76,61
1958,4,4,France,1947,9,112,23,1630,5,84,245,129,98,18,88,124,33
1958,5,5,Argentina,1919,-3,-124,2,2025,-4,-189,338,136,133,69,193,77,68
1958,6,7,Sweden,1896,10,96,15,1750,11,119,361,175,156,30,182,120,59
1958,7,8,Czechoslovakia,1895,1,8,10,1853,4,42,211,87,106,18,98,69,44
1958,8,9,Soviet Union,1894,1,11,35,1539,1,32,69,25,29,15,39,15,15
1958,9,10,Yugoslavia,1879,-2,-17,25,1677,-2,5,214,81,97,36,101,77,36
1958,10,11,West Germany,1872,-6,-41,12,1794,-4,-12,255,118,115,22,131,83,41
1958,11,14,Austria,1833,-7,-68,8,1883,-8,-63,284,130,138,16,130,97,57
1958,12,17,Wales,1793,11,80,12,1633,12,111,229,109,115,5,63,121,45
1958,13,20,Northern Ireland,1767,6,36,27,1657,11,104,108,52,51,5,21,62,25
1958,14,21,Scotland,1765,-7,-59,5,1951,-10,-92,271,126,140,5,156,62,53
1958,15,22,Paraguay,1761,-1,11,16,1765,0,44,153,33,53,67,53,71,29
1958,16,27,Mexico,1723,-7,-55,22,1707,-4,13,63,25,12,26,36,21,6
1962,1,1,Brazil,2194,0,92,6,1940,0,106,233,79,67,87,142,55,36
1962,2,2,Soviet Union,2016,0,-20,32,1572,2,42,101,34,47,20,63,21,17
1962,3,3,Czechoslovakia,1997,1,22,10,1857,2,45,244,102,116,26,117,79,48
1962,4,4,Hungary,1964,3,13,6,1924,-2,-38,388,169,192,27,212,96,80
1962,5,5,Argentina,1942,-2,-37,2,2022,-2,-37,376,151,146,79,214,86,76
1962,6,6,Spain,1934,0,-27,6,1928,1,-13,138,55,65,18,75,33,30
1962,7,7,Yugoslavia,1924,-2,-47,24,1699,2,-5,257,94,118,45,127,86,44
1962,8,8,West Germany,1923,2,29,12,1799,5,64,284,131,128,25,147,90,47
1962,9,9,England,1920,-1,-15,3,1993,-4,-32,420,170,233,17,263,86,71
1962,10,14,Uruguay,1850,-5,-54,6,1930,-6,-89,345,117,130,98,159,123,63
1962,11,15,Mexico,1848,1,39,22,1715,2,45,93,34,26,33,50,30,13
1962,12,16,Italy,1846,-1,-7,9,1868,2,45,234,114,93,27,121,61,52
1962,13,17,Chile,1829,6,90,29,1570,8,108,189,69,47,73,56,109,24
1962,14,23,Bulgaria,1743,-2,-20,48,1483,-1,-7,142,59,65,18,46,69,27
1962,15,40,Switzerland,1639,-14,-76,23,1632,-2,-21,296,143,135,18,85,163,48
1962,16,77,Colombia,1459,8,18,75,1353,6,20,55,17,9,29,14,32,9
1966,1,1,England,2079,2,88,3,1990,4,132,466,191,256,19,293,92,81
1966,2,2,West Germany,2029,5,82,12,1807,8,151,316,144,142,30,166,98,52
1966,3,3,Portugal,2022,13,193,26,1679,17,229,140,71,57,12,48,70,22
1966,4,4,Soviet Union,2017,-2,16,30,1605,-1,46,139,46,66,27,81,28,30
1966,5,5,Argentina,1974,0,10,2,2018,-1,10,412,161,162,89,232,94,86
1966,6,6,Hungary,1957,0,-2,6,1927,-4,-18,425,182,211,32,232,106,87
1966,7,7,Brazil,1925,-6,-93,6,1945,-6,-84,282,101,86,95,170,67,45
1966,8,8,Italy,1918,-4,-49,9,1870,-2,-1,263,128,105,30,139,66,58
1966,9,12,Spain,1857,-3,-35,7,1926,-3,-40,160,66,72,22,84,41,35
1966,10,14,Uruguay,1843,-1,-3,7,1925,-3,-26,375,126,148,101,171,134,70
1966,11,15,Mexico,1841,-5,-25,21,1726,-4,-28,118,40,36,42,64,34,20
1966,12,16,North Korea,1815,-1,-23,16,1808,3,17,26,8,4,14,20,3,3
1966,13,27,France,1731,-4,-23,22,1655,1,0,302,158,123,21,105,149,48
1966,14,28,Chile,1729,-4,-21,28,1587,-13,-93,218,82,59,77,63,122,33
1966,15,29,Bulgaria,1721,-12,-76,46,1509,-5,-26,177,74,80,23,62,81,34
1966,16,47,Switzerland,1603,-8,-39,25,1630,1,-6,321,156,144,21,90,178,53
1970,1,1,Brazil,2173,1,161,6,1947,1,173,327,122,103,102,203,73,51
1970,2,2,West Germany,2055,2,64,11,1819,1,56,354,159,159,36,189,103,62
1970,3,3,England,2029,-2,-38,3,1993,-2,-50,506,207,274,25,317,98,91
1970,4,4,Italy,2014,-1,9,9,1877,0,38,291,140,116,35,155,68,68
1970,5,5,Soviet Union,1955,0,-22,28,1630,0,-12,188,61,96,31,106,36,46
1970,6,8,Czechoslovakia,1857,-2,-102,10,1863,-1,-40,295,120,145,30,139,99,57
1970,7,9,Uruguay,1853,0,5,7,1922,4,14,411,142,162,107,186,145,80
1970,8,10,Sweden,1847,0,5,14,1768,9,53,468,224,210,34,240,146,82
1970,9,15,Romania,1813,4,20,33,1624,5,20,214,92,101,21,89,82,43
1970,10,22,Peru,1760,8,49,29,1655,21,123,159,63,35,61,55,73,31
1970,11,24,Bulgaria,1740,-8,-70,43,1535,-16,-156,211,87,98,26,75,92,44
1970,12,25,Belgium,1739,-3,-33,26,1682,-8,-76,356,180,165,11,125,167,64
1970,13,29,Mexico,1719,3,23,21,1732,-8,-71,180,75,55,50,89,53,38
1970,14,36,Israel,1684,3,13,58,1523,9,54,96,46,31,19,36,46,14
1970,15,40,Morocco,1646,-4,-41,33,1682,-5,-28,81,34,26,21,35,27,19
1970,16,69,El Salvador,1492,-3,-43,56,1468,-6,-44,136,50,28,58,62,53,21
1974,1,1,West Germany,2141,1,32,10,1836,1,40,396,185,174,37,219,110,67
1974,2,2,Poland,2081,3,122,33,1634,3,132,288,126,142,20,111,109,68
1974,3,3,Netherlands,2056,13,217,21,1747,16,236,353,184,150,19,154,130,69
1974,4,4,Brazil,2035,-3,-81,5,1961,-3,-98,366,143,114,109,226,77,63
1974,5,5,Italy,1967,-2,-32,9,1884,-1,-8,321,154,129,38,170,72,79
1974,6,7,East Germany,1919,-1,-21,43,1638,7,58,155,67,79,9,74,48,33
1974,7,8,Sweden,1910,5,28,14,1773,4,39,510,241,229,40,261,155,94
1974,8,10,Yugoslavia,1896,-3,-38,21,1736,-4,-46,368,135,172,61,171,122,75
1974,9,12,Scotland,1889,5,68,6,1932,9,97,384,179,194,11,203,105,76
1974,10,17,Argentina,1842,-8,-52,3,2004,-6,-31,488,185,198,105,262,117,109
1974,11,21,Chile,1779,2,-1,28,1608,9,61,286,107,91,88,89,148,49
1974,12,24,Bulgaria,1771,-6,-48,42,1555,-6,-55,254,104,120,30,95,104,55
1974,13,29,Zaire,1699,-8,-88,41,1616,7,21,106,37,36,33,59,34,13
1974,14,30,Uruguay,1698,-3,-56,7,1915,-4,-48,443,150,180,113,195,157,91
1974,15,33,Australia,1681,-1,-12,39,1596,1,-6,122,58,48,16,63,36,23
1974,16,53,Haiti,1571,-7,-38,69,1371,1,-19,165,81,49,35,77,59,29
1978,1,1,Brazil,2142,2,64,5,1967,1,68,407,161,127,119,254,79,74
1978,2,2,Netherlands,2056,0,-36,20,1764,1,-12,386,193,167,26,175,137,74
1978,3,3,Argentina,2039,7,114,4,1998,5,119,537,215,214,108,292,126,119
1978,4,4,West Germany,2023,-3,-73,10,1851,-3,-109,434,198,192,44,239,115,80
1978,5,5,Italy,2002,3,67,9,1888,-1,29,359,170,143,46,190,83,86
1978,6,8,Spain,1950,-3,-9,7,1916,3,45,228,99,102,27,117,54,57
1978,7,9,Poland,1930,0,1,31,1659,-2,-6,338,143,166,29,138,125,75
1978,8,11,Scotland,1914,-4,-30,6,1932,-6,-57,420,198,207,15,222,112,86
1978,9,12,Austria,1897,3,37,11,1860,4,62,429,195,211,23,186,157,86
1978,10,14,France,1889,0,8,22,1673,5,76,382,197,160,25,138,177,67
1978,11,18,Hungary,1815,-6,-106,6,1925,-5,-83,531,225,265,41,284,135,112
1978,12,19,Peru,1808,6,53,29,1667,5,51,228,89,64,75,82,101,45
1978,13,23,Sweden,1770,-1,-21,15,1775,-2,-23,548,259,246,43,277,171,100
1978,14,24,Tunisia,1749,10,69,48,1601,15,86,180,70,63,47,67,63,50
1978,15,28,Iran,1727,-4,-46,44,1595,-2,-12,130,59,26,45,68,37,25
1978,16,34,Mexico,1701,-13,-92,21,1735,-7,-30,254,111,78,65,126,76,52
1982,1,1,Brazil,2114,1,22,5,1974,0,20,450,184,140,126,284,84,82
1982,2,2,Italy,2068,11,176,8,1892,8,146,398,191,153,54,210,89,99
1982,3,3,West Germany,2033,-2,-75,10,1863,-1,-29,480,214,210,56,271,121,88
1982,4,4,England,2027,1,64,3,1993,7,106,627,262,332,33,384,121,122
1982,5,5,Soviet Union,2007,-2,-3,25,1679,0,50,312,107,155,50,174,62,76
1982,6,6,Poland,1991,0,32,30,1678,-2,26,391,159,196,36,167,139,85
1982,7,7,Argentina,1941,-3,-62,4,1999,-4,-86,571,231,224,116,306,135,130
1982,8,8,France,1926,7,47,22,1685,4,18,417,214,171,32,156,189,72
1982,9,11,Yugoslavia,1889,-3,-27,20,1754,4,-1,424,162,199,63,201,140,83
1982,9,11,Austria,1889,-4,-28,11,1863,-2,-40,461,210,223,28,204,164,93
1982,11,13,Belgium,1873,-4,-40,24,1709,-7,-67,434,219,196,19,166,188,80
1982,12,14,Scotland,1852,3,15,7,1929,2,-3,457,215,224,18,236,128,93
1982,13,15,Czechoslovakia,1851,-4,-47,10,1867,-1,-46,415,168,207,40,185,136,94
1982,14,17,Spain,1833,-3,-55,8,1914,0,-9,271,121,121,29,132,69,70
1982,15,18,Hungary,1815,0,16,7,1919,2,21,568,243,281,44,299,148,121
1982,16,22,Northern Ireland,1762,5,23,28,1681,1,-13,254,108,132,14,65,132,57
1982,17,24,Peru,1744,-2,-31,29,1673,7,52,257,102,77,78,91,112,54
1982,18,30,Algeria,1717,10,72,35,1697,12,85,177,68,66,43,78,59,40
1982,19,33,Cameroon,1709,4,44,61,1534,12,88,131,54,47,30,54,43,34
1982,20,34,Chile,1702,-11,-69,28,1618,-10,-59,341,133,116,92,108,170,63
1982,21,42,Honduras,1623,6,23,65,1428,16,58,139,46,45,48,49,52,38
1982,22,43,Kuwait,1620,-1,-12,94,1385,-2,-19,151,40,36,75,75,51,25
1982,23,57,New Zealand,1566,-9,-34,57,1486,0,-3,146,53,66,27,63,57,26
1982,24,59,El Salvador,1559,-13,-51,58,1473,1,16,202,75,56,71,86,77,39
1986,1,1,Argentina,2039,11,167,4,1994,7,145,613,242,245,126,324,144,145
1986,2,2,France,2021,-1,27,21,1699,-1,21,455,235,179,41,181,194,80
1986,3,3,Brazil,2016,2,102,5,1975,2,78,490,204,155,131,304,92,94
1986,4,4,Spain,1977,2,77,8,1912,9,121,310,138,134,38,154,76,80
1986,5,5,West Germany,1964,-1,25,9,1869,-1,13,527,230,229,68,296,134,97
1986,6,6,England,1963,-4,-27,3,1992,-3,9,677,278,357,42,411,132,134
1986,7,7,Soviet Union,1960,-4,19,24,1697,-5,-14,350,120,172,58,195,72,83
1986,8,8,Denmark,1938,-1,47,22,1767,-2,21,473,220,217,36,210,188,75
1986,9,9,Mexico,1879,7,36,23,1733,7,39,335,143,109,83,165,90,80
1986,10,11,Italy,1864,-2,-20,8,1893,-4,-46,432,206,165,61,224,99,109
1986,11,16,Hungary,1827,-8,-63,8,1914,-2,-26,606,257,300,49,319,160,127
1986,12,17,Scotland,1820,-7,-54,7,1926,-6,-42,492,230,241,21,251,139,102
1986,13,18,Belgium,1816,3,-7,23,1717,-1,-20,468,232,208,28,179,200,89
1986,14,21,Paraguay,1801,1,-10,20,1753,10,77,354,100,159,95,122,149,83
1986,15,24,Uruguay,1777,-5,-54,10,1891,-15,-109,557,200,234,123,239,190,128
1986,16,25,Northern Ireland,1773,-10,-77,27,1688,-5,-43,284,122,145,17,77,140,67
1986,17,26,Bulgaria,1765,-9,-76,39,1591,-8,-70,388,149,200,39,136,158,94
1986,18,27,Poland,1761,-3,-44,28,1692,-12,-91,435,171,220,44,182,154,99
1986,19,29,Portugal,1754,-6,-53,22,1732,-8,-59,259,124,108,27,99,113,47
1986,20,31,Morocco,1724,6,79,36,1672,3,39,266,96,96,74,119,70,77
1986,21,45,South Korea,1614,-1,-10,38,1652,7,34,446,99,119,228,268,85,93
1986,21,45,Canada,1614,-10,-39,39,1607,-2,-21,110,31,62,17,36,46,28
1986,23,48,Algeria,1606,0,-9,35,1695,-13,-76,233,84,86,63,98,79,56
1986,24,55,Iraq,1580,-8,-36,44,1631,-14,-59,256,74,60,122,136,54,66
1990,1,1,West Germany,2074,1,80,9,1874,1,83,567,251,241,75,317,138,112
1990,2,2,Italy,2032,2,67,8,1896,2,57,476,232,179,65,252,104,120
1990,3,3,Brazil,1988,0,-3,5,1976,5,80,538,225,173,140,335,99,104
1990,4,4,England,1978,2,34,3,1991,2,43,723,296,376,51,432,139,152
1990,5,5,Netherlands,1964,-4,-68,18,1789,-4,-91,481,232,209,40,220,164,97
1990,6,6,Spain,1935,2,9,8,1913,3,29,349,159,146,44,174,87,88
1990,7,7,Yugoslavia,1921,5,28,19,1766,3,16,495,185,235,75,235,163,97
1990,8,10,Romania,1890,0,-5,28,1683,1,-8,409,168,211,30,165,139,105
1990,9,12,Czechoslovakia,1882,4,27,10,1866,3,23,484,194,243,47,219,155,110
1990,10,13,Ireland,1876,0,-15,22,1576,0,6,363,180,168,15,107,182,74
1990,11,14,Argentina,1874,5,80,4,1990,-1,4,650,248,258,144,332,158,160
1990,12,15,Belgium,1871,2,27,23,1721,2,28,502,248,221,33,194,208,100
1990,13,15,Soviet Union,1871,-9,-73,23,1711,-12,-117,398,132,196,70,219,83,96
1990,14,17,Uruguay,1846,-3,-44,11,1889,2,19,597,211,249,137,260,201,136
1990,15,18,Sweden,1832,-13,-122,15,1781,-13,-129,667,308,308,51,331,207,129
1990,16,25,Colombia,1763,-7,-36,68,1456,-7,-73,203,79,71,53,59,95,49
1990,17,26,Austria,1752,0,-13,12,1855,5,49,524,238,254,32,227,189,108
1990,18,29,Scotland,1735,0,-4,7,1922,-8,-81,527,248,255,24,263,151,113
1990,19,32,Cameroon,1716,11,81,56,1562,5,48,233,76,83,74,107,64,62
1990,20,36,South Korea,1677,-9,-72,38,1655,-10,-68,496,117,129,250,299,92,105
1990,21,38,Egypt,1672,2,30,31,1669,6,47,359,139,120,100,176,100,83
1990,22,39,Costa Rica,1665,10,54,31,1701,9,60,267,100,87,80,148,66,53
1990,23,62,United States,1547,-11,-39,45,1592,-11,-49,199,81,95,23,59,103,37
1990,24,80,United Arab Emirates,1438,-4,-23,130,1189,-11,-49,159,53,25,81,52,69,38
1994,1,1,Brazil,2063,3,100,5,1975,4,102,599,245,192,162,367,108,124
1994,2,2,Italy,2029,1,43,8,1900,1,46,518,249,192,77,276,110,132
1994,3,3,Germany,1985,-2,-24,9,1882,-2,-33,613,265,261,87,345,146,122
1994,4,4,Sweden,1973,6,66,15,1784,5,64,718,330,327,61,356,220,142
1994,5,5,Netherlands,1970,-3,-22,18,1797,-1,8,522,249,223,50,244,172,106
1994,6,8,Spain,1927,3,34,8,1910,10,91,389,182,158,49,194,96,99
1994,7,10,Romania,1898,11,61,28,1691,15,119,455,185,234,36,190,152,113
1994,8,11,Colombia,1896,-6,-46,65,1481,6,49,251,87,89,75,81,103,67
1994,9,13,Mexico,1867,5,14,22,1748,1,14,433,171,140,122,219,110,104
1994,10,16,Norway,1860,3,8,40,1571,4,30,540,264,252,24,170,260,110
1994,11,17,Argentina,1858,-8,-57,4,1988,-15,-136,698,260,275,163,357,164,177
1994,12,18,Ireland,1846,-5,-35,22,1587,-9,-63,402,198,183,21,127,189,86
1994,13,20,Russia,1837,-5,-29,22,1720,-7,-34,450,145,224,81,244,93,113
1994,14,21,Belgium,1821,1,-2,23,1726,-5,-27,531,260,234,37,209,218,104
1994,15,22,Switzerland,1818,-8,-55,28,1651,-7,-31,551,267,255,29,169,273,109
1994,16,23,Bulgaria,1814,2,43,37,1611,6,79,461,173,240,48,163,183,115
1994,17,25,Nigeria,1788,3,46,42,1637,8,117,344,136,143,65,150,94,100
1994,18,32,Saudi Arabia,1692,13,52,90,1407,10,58,275,97,44,134,124,83,68
1994,19,35,South Korea,1675,6,10,38,1658,13,61,558,140,141,277,330,103,125
1994,20,37,Bolivia,1669,-6,-32,60,1458,17,69,223,76,73,74,51,123,49
1994,21,44,Cameroon,1643,-9,-41,54,1572,9,37,290,88,112,90,126,77,87
1994,22,48,United States,1626,8,21,45,1594,-4,-5,297,150,118,29,90,139,68
1994,23,52,Morocco,1614,-15,-58,38,1665,-7,-11,341,133,123,85,148,89,104
1994,24,58,Greece,1592,-25,-97,53,1487,-28,-120,307,144,145,18,87,148,72
1998,1,1,France,2090,3,87,19,1729,3,82,567,290,224,53,243,211,113
1998,2,2,Brazil,2047,-1,-48,5,1981,-1,-96,667,260,212,195,418,114,135
1998,3,3,Italy,2016,3,46,8,1904,3,35,560,265,208,87,300,116,144
1998,4,4,Germany,2013,-2,-47,8,1890,-2,-59,667,283,285,99,382,150,135
1998,5,5,Croatia,2005,10,134,11,1880,9,147,78,32,33,13,43,17,18
1998,6,6,Spain,1998,-3,-42,8,1915,-3,-39,426,200,171,55,217,98,111
1998,7,7,Netherlands,1997,1,36,17,1803,2,53,565,267,236,62,268,181,116
1998,8,8,England,1969,-3,-4,4,1988,-3,-26,809,342,404,63,476,152,181
1998,9,9,Yugoslavia,1964,-3,-6,18,1783,-1,19,549,201,261,87,266,174,109
1998,10,10,Argentina,1931,0,41,5,1982,6,98,750,282,289,179,386,174,190
1998,11,11,Norway,1902,-2,-2,39,1584,7,76,586,282,273,31,195,267,124
1998,12,13,Denmark,1882,-1,2,20,1787,-6,-95,596,267,274,55,269,221,106
1998,13,14,Romania,1879,-1,2,27,1701,-2,8,496,203,249,44,213,161,122
1998,14,16,Mexico,1870,1,24,21,1753,4,68,512,184,163,165,253,131,128
1998,15,19,Belgium,1825,0,5,23,1729,2,34,567,279,246,42,224,227,116
1998,16,20,Paraguay,1804,9,65,21,1752,3,23,464,125,215,124,169,184,111
1998,17,22,Morocco,1791,10,62,39,1663,7,67,386,156,134,96,173,97,116
1998,18,24,Chile,1756,-2,-23,28,1645,11,52,507,200,183,124,178,220,109
1998,19,26,Colombia,1739,-1,-23,61,1504,1,1,309,100,113,96,102,122,85
1998,20,27,Bulgaria,1738,-7,-68,36,1623,-8,-81,498,187,257,54,182,196,120
1998,21,30,Scotland,1719,-7,-58,9,1912,-8,-69,598,276,286,36,294,173,131
1998,22,32,South Korea,1716,-8,-51,38,1658,7,29,633,167,164,302,366,122,145
1998,23,33,Nigeria,1709,4,2,40,1648,-8,-54,375,141,157,77,161,109,105
1998,24,35,Austria,1703,0,-14,15,1839,-2,-7,591,275,280,36,252,217,122
1998,25,37,United States,1697,-11,-63,45,1599,6,28,364,189,136,39,117,163,84
1998,26,45,Iran,1669,4,22,44,1613,-11,-36,294,98,68,128,155,73,66
1998,27,46,Japan,1665,-16,-72,71,1399,-15,-51,408,127,110,171,171,158,79
1998,28,48,South Africa,1653,2,10,19,1757,-20,-74,112,55,43,14,48,43,21
1998,29,49,Jamaica,1647,-2,-2,89,1342,18,84,319,146,121,52,116,131,72
1998,30,51,Saudi Arabia,1631,-4,-18,86,1428,-4,0,357,134,59,164,164,106,87
1998,31,52,Tunisia,1629,0,-9,51,1595,-2,3,406,178,148,80,156,140,110
1998,32,58,Cameroon,1610,1,12,55,1572,1,27,347,103,137,107,147,95,105
2002,1,1,Brazil,2071,12,204,5,1982,6,154,736,279,236,221,462,127,147
2002,2,3,Spain,1994,3,31,8,1918,3,41,471,219,189,63,245,106,120
2002,3,4,Argentina,1980,-2,-35,5,1981,-1,-30,791,294,307,190,410,180,201
2002,4,5,England,1965,2,41,4,1985,3,51,854,363,419,72,495,162,197
2002,5,6,Germany,1963,6,93,8,1890,3,52,721,304,304,113,411,164,146
2002,6,7,France,1962,-6,-134,18,1744,-6,-172,619,310,243,66,276,219,124
2002,7,8,Italy,1936,-4,-73,8,1908,-6,-96,603,284,224,95,322,125,156
2002,8,9,Portugal,1921,-4,-59,21,1755,-4,-82,394,185,164,45,168,138,88
2002,9,10,Ireland,1904,0,30,22,1600,6,61,479,238,210,31,161,210,108
2002,10,11,Denmark,1903,-3,18,20,1790,3,48,641,287,291,63,291,232,118
2002,11,12,Turkey,1872,16,115,46,1566,18,142,380,172,175,33,126,170,84
2002,12,14,Sweden,1857,0,-7,15,1791,1,5,815,367,373,75,403,240,172
2002,13,16,Croatia,1845,-7,-35,11,1888,-6,-46,119,50,51,18,58,26,35
2002,14,17,Mexico,1833,1,1,21,1757,30,169,599,205,181,213,296,158,145
2002,15,19,Japan,1829,-4,-24,69,1416,0,-12,459,155,117,187,195,169,95
2002,16,21,United States,1825,1,16,44,1607,-1,-13,429,227,155,47,150,181,98
2002,17,22,Belgium,1824,-5,-14,23,1732,2,25,612,297,267,48,242,240,130
2002,18,23,Uruguay,1804,-2,-8,12,1877,3,35,726,258,301,167,312,243,171
2002,19,25,Cameroon,1796,-2,-12,54,1580,10,84,392,112,157,123,171,102,119
2002,20,26,Senegal,1783,14,81,61,1554,47,267,412,145,156,111,166,134,112
2002,21,27,South Korea,1780,6,46,37,1664,-5,-27,704,200,177,327,396,138,170
2002,22,28,Russia,1777,-4,-24,22,1731,-12,-66,536,179,267,90,288,113,135
2002,23,32,Costa Rica,1755,-4,-2,33,1690,19,105,427,160,142,125,214,121,92
2002,24,33,Nigeria,1753,-7,-16,40,1653,8,66,424,160,177,87,188,116,120
2002,25,34,Poland,1744,1,11,28,1703,-11,-57,622,249,311,62,259,211,152
2002,26,35,Ecuador,1739,2,13,76,1427,-8,-28,319,104,116,99,80,157,82
2002,27,36,Paraguay,1734,0,5,21,1755,-24,-151,517,144,235,138,191,200,126
2002,28,41,South Africa,1679,9,34,20,1752,5,14,176,76,70,30,79,58,39
2002,29,48,Slovenia,1644,-16,-99,57,1599,-9,-46,90,33,41,16,30,33,27
2002,30,50,Saudi Arabia,1625,-12,-81,82,1451,-14,-84,439,169,73,197,212,127,100
2002,31,53,Tunisia,1609,-1,-17,51,1599,0,-35,460,205,164,91,181,153,126
2002,32,55,China,1601,-14,-99,42,1613,-18,-94,432,118,156,158,232,120,80
2006,1,1,Italy,2079,6,135,8,1909,9,179,655,304,243,108,352,130,173
2006,2,2,France,2066,1,93,18,1753,4,108,675,340,256,79,313,222,140
2006,3,3,Brazil,2059,-2,25,5,1984,-2,25,796,290,263,243,495,137,164
2006,4,4,Argentina,2005,4,83,5,1982,1,30,846,304,331,211,443,190,213
2006,5,5,England,2000,-2,27,4,1985,-1,8,901,384,435,82,525,169,207
2006,6,6,Netherlands,1983,-4,-12,16,1818,-4,-20,655,315,265,75,316,193,146
2006,7,7,Spain,1959,-1,-5,8,1921,0,13,520,246,204,70,277,109,134
2006,8,8,Germany,1955,2,58,8,1891,0,47,780,338,326,116,442,177,161
2006,9,9,Portugal,1937,0,22,21,1762,0,34,448,216,178,54,201,146,101
2006,10,11,Czechia,1881,-6,-91,11,1871,-8,-121,660,266,319,75,322,193,145
2006,11,12,Switzerland,1857,13,59,28,1660,24,134,666,317,306,43,212,310,144
2006,12,13,Sweden,1851,-1,-10,15,1794,-2,-41,871,386,396,89,426,253,192
2006,13,17,Mexico,1818,-2,-20,21,1762,-5,-70,670,224,193,253,334,175,161
2006,14,18,Croatia,1817,-3,-21,12,1877,-4,-53,168,69,71,28,80,37,51
2006,15,20,Australia,1806,3,4,37,1637,14,74,390,180,141,69,200,111,79
2006,16,22,Ukraine,1789,4,-1,45,1664,-1,-26,126,51,62,13,48,37,41
2006,17,26,United States,1776,-11,-62,43,1618,-13,-106,494,270,169,55,189,193,112
2006,18,27,Poland,1773,-8,-49,28,1706,-3,-27,678,274,330,74,292,227,159
2006,19,28,Ivory Coast,1770,4,2,47,1625,12,75,414,158,151,105,201,109,104
2006,20,29,Ecuador,1767,16,68,74,1444,-1,13,373,121,134,118,99,180,94
2006,21,30,Paraguay,1766,0,-13,22,1756,0,18,566,154,259,153,210,214,142
2006,22,33,Japan,1738,-6,-51,67,1435,-16,-92,531,190,135,206,232,188,111
2006,23,35,Iran,1731,-15,-82,42,1630,-15,-87,418,143,106,169,227,97,94
2006,24,37,South Korea,1723,-1,-8,37,1668,0,9,771,234,189,348,427,156,188
2006,25,38,Ghana,1717,17,99,42,1650,33,175,501,167,206,128,248,133,120
2006,26,39,Serbia & Montenegro,1716,-15,-83,18,1788,-12,-59,631,224,306,101,296,201,134
2006,27,47,Tunisia,1663,-4,-45,51,1604,-8,-34,512,239,172,101,207,164,141
2006,28,49,Costa Rica,1641,-11,-83,34,1692,-14,-89,491,176,167,148,240,148,103
2006,29,63,Angola,1593,5,28,79,1477,7,50,226,83,111,32,84,68,74
2006,30,69,Saudi Arabia,1559,-6,-25,80,1467,-29,-136,514,206,82,226,250,145,119
2006,31,71,Trinidad and Tobago,1555,-5,-13,55,1508,12,48,584,241,241,102,265,199,120
2006,32,94,Togo,1462,-6,-29,83,1451,-28,-110,320,118,138,64,102,136,82
2010,1,1,Spain,2165,0,53,8,1925,1,93,581,267,226,88,329,114,138
2010,2,2,Netherlands,2098,1,55,16,1825,1,62,710,338,285,87,355,199,156
2010,3,3,Brazil,2095,-1,-15,4,1987,-2,-28,855,300,282,273,536,143,176
2010,4,4,Germany,2061,1,103,8,1894,1,104,836,364,344,128,481,186,169
2010,5,5,Argentina,1961,2,41,5,1982,3,67,898,320,353,225,475,202,221
2010,6,6,England,1915,-2,-86,4,1984,-2,-77,947,406,451,90,553,179,215
2010,7,8,Portugal,1886,3,10,20,1767,7,63,498,235,197,66,227,155,116
2010,8,9,Uruguay,1883,5,39,13,1873,5,53,822,282,348,192,353,269,200
2010,9,10,Chile,1881,0,-6,29,1652,3,48,653,258,242,153,238,275,140
2010,10,11,Mexico,1859,-3,-41,20,1766,16,95,745,240,207,298,377,196,172
2010,11,12,Italy,1850,-6,-87,8,1913,-6,-89,705,322,259,124,376,140,189
2010,12,15,Serbia,1807,0,-35,19,1787,1,-12,678,240,328,110,320,213,145
2010,13,19,Australia,1784,3,7,37,1642,13,35,438,198,158,82,224,122,92
2010,14,20,Switzerland,1783,6,22,28,1665,-1,-22,709,344,315,50,231,326,152
2010,15,21,Paraguay,1780,4,15,22,1757,2,-9,620,165,287,168,228,233,159
2010,16,22,France,1776,-10,-85,17,1761,-12,-105,726,367,274,85,339,235,152
2010,17,24,Ghana,1770,17,82,42,1656,10,29,556,183,224,149,276,149,131
2010,18,25,United States,1769,-5,-17,42,1625,-14,-98,559,304,187,68,226,213,120
2010,19,26,Ivory Coast,1764,5,24,46,1635,3,10,466,168,170,128,229,119,118
2010,20,27,Japan,1763,17,82,65,1450,-1,-7,602,227,153,222,270,202,130
2010,21,31,South Korea,1746,-7,-20,37,1670,7,19,833,257,202,374,455,169,209
2010,22,33,Denmark,1730,-12,-49,19,1796,-21,-132,727,325,330,72,333,252,142
2010,23,38,Greece,1709,-6,-28,49,1532,-15,-80,482,223,217,42,172,198,112
2010,24,39,Slovenia,1700,4,14,57,1605,28,135,164,69,72,23,56,65,43
2010,25,40,Honduras,1699,-4,-17,60,1493,-5,-34,448,154,141,153,191,142,115
2010,26,43,Nigeria,1680,-7,-36,39,1666,-10,-68,516,182,211,123,236,135,145
2010,27,46,Slovakia,1673,1,2,37,1682,6,32,202,84,94,24,77,77,48
2010,28,51,Cameroon,1639,-11,-58,51,1605,-7,-66,473,126,187,160,209,127,137
2010,29,53,South Africa,1619,10,25,25,1737,16,61,311,148,107,56,138,100,73
2010,30,67,New Zealand,1584,15,53,61,1498,23,108,333,112,146,75,137,138,58
2010,31,80,Algeria,1538,-1,-4,49,1634,-4,3,495,182,188,125,199,157,139
2010,32,88,North Korea,1496,-8,-43,51,1623,-18,-56,300,39,98,163,129,86,85
2014,1,1,Germany,2223,2,150,8,1900,2,168,892,387,365,140,519,192,181
2014,2,2,Netherlands,2154,3,168,15,1833,2,145,763,360,306,97,387,207,169
2014,3,3,Argentina,2064,1,45,5,1982,2,60,956,341,376,239,509,210,237
2014,4,4,Colombia,2019,4,97,53,1566,4,107,510,154,184,172,194,179,137
2014,5,5,Spain,1993,-3,-116,7,1934,-3,-118,638,281,248,109,370,122,146
2014,6,6,Chile,1981,3,61,28,1661,9,128,707,274,263,170,266,291,150
2014,7,7,Brazil,1980,-6,-158,4,1991,-6,-145,917,324,297,296,576,153,188
2014,8,8,France,1957,3,60,17,1765,4,99,780,393,294,93,369,246,165
2014,9,9,Portugal,1919,-3,-24,20,1773,0,8,546,257,210,79,253,164,129
2014,10,10,Belgium,1912,5,59,25,1729,7,74,728,352,320,56,293,278,157
2014,11,11,Mexico,1883,10,69,20,1770,7,58,814,257,221,336,413,213,188
2014,12,12,Uruguay,1880,-2,-39,12,1874,1,24,876,296,373,207,380,282,214
2014,13,13,England,1860,-6,-72,4,1983,-7,-92,993,429,465,99,577,186,230
2014,14,14,Italy,1850,-2,-38,8,1912,-7,-87,760,339,275,146,398,153,209
2014,15,15,Costa Rica,1847,18,135,34,1691,13,88,624,217,220,187,293,186,145
2014,15,15,Switzerland,1847,-1,-9,28,1670,4,25,749,362,333,54,252,334,163
2014,17,18,United States,1838,-5,-20,41,1631,3,24,627,347,207,73,263,231,133
2014,18,19,Ecuador,1837,-1,0,69,1477,-6,-19,467,149,166,152,131,215,121
2014,19,20,Greece,1815,-1,-9,48,1543,3,11,531,240,236,55,198,204,129
2014,20,21,Russia,1797,-5,-52,22,1740,-11,-82,659,230,317,112,348,139,172
2014,21,22,Croatia,1795,-2,-24,12,1878,-11,-72,256,105,112,39,134,52,70
2014,22,24,Bosnia & Herzegovina,1782,-1,-5,56,1610,-2,-25,165,65,79,21,64,67,34
2014,23,26,Ivory Coast,1758,-1,-18,44,1646,-6,-58,519,176,186,157,263,128,128
2014,24,30,Japan,1735,-6,-51,63,1465,1,2,659,252,167,240,302,215,142
2014,25,31,Nigeria,1726,-1,2,39,1666,12,36,571,198,227,146,260,146,165
2014,26,36,Ghana,1702,-2,-8,41,1659,2,-1,610,193,242,175,302,164,144
2014,27,42,Algeria,1675,12,47,51,1626,20,97,533,200,197,136,220,167,146
2014,28,45,Australia,1666,-8,-43,36,1648,-20,-106,491,211,179,101,249,139,103
2014,28,45,Iran,1666,-13,-48,41,1640,-5,-32,543,187,152,204,295,116,132
2014,30,55,South Korea,1617,-8,-51,37,1675,-22,-102,887,284,213,390,479,187,221
2014,31,57,Honduras,1606,-11,-64,59,1500,-13,-74,513,168,159,186,213,167,133
2014,32,66,Cameroon,1573,-9,-44,51,1606,-1,8,511,136,205,170,225,139,147
2018,1,1,Brazil,2142,,,4,1994,0,32,964,336,315,313,611,157,196
2018,2,2,Germany,2077,,,8,1907,0,36,942,410,381,151,549,202,191
2018,3,3,Spain,2044,,,7,1936,1,40,682,299,267,116,399,129,154
2018,4,4,France,1987,,,17,1772,3,18,829,427,309,93,402,254,173
2018,5,5,Argentina,1986,,,5,1983,-2,-32,1004,353,392,259,537,218,249
2018,6,6,Portugal,1970,,,19,1780,3,40,598,279,226,93,286,174,138
2018,7,7,England,1948,,,4,1982,4,30,1037,451,483,103,606,191,240
2018,8,8,Belgium,1939,,,24,1735,4,40,771,375,334,62,323,283,165
2018,9,9,Colombia,1928,,,51,1586,-1,-36,556,163,202,191,216,190,150
2018,10,10,Peru,1915,,,35,1668,5,63,618,237,222,159,201,263,154
2018,11,12,Uruguay,1894,,,12,1875,6,51,919,309,394,216,402,295,222
2018,12,14,Switzerland,1890,,,27,1676,0,25,789,381,351,57,277,342,170
2018,13,16,Denmark,1856,,,20,1794,18,117,806,366,362,78,368,275,163
2018,14,17,Croatia,1853,,,12,1873,-1,2,299,122,127,50,159,60,80
2018,15,18,Mexico,1850,,,20,1775,-8,-73,888,270,240,378,456,225,207
2018,16,19,Poland,1829,,,29,1710,-6,-44,823,348,372,103,357,262,204
2018,17,20,Sweden,1795,,,16,1796,-1,-18,1022,445,464,113,500,300,222
2018,18,21,Iran,1789,,,41,1646,2,-4,586,203,167,216,325,120,141
2018,19,22,Serbia,1777,,,20,1783,11,36,757,265,369,123,352,241,164
2018,20,24,Iceland,1764,,,81,1409,-4,-38,430,187,207,36,134,216,80
2018,21,27,Senegal,1750,,,58,1579,10,41,572,186,219,167,242,169,161
2018,22,31,Costa Rica,1744,,,34,1695,-1,-14,683,231,245,207,318,203,162
2018,23,32,Australia,1742,,,36,1650,3,22,537,231,197,109,272,150,115
2018,24,35,Morocco,1733,,,44,1652,26,131,609,258,200,151,285,146,178
2018,25,40,South Korea,1714,,,37,1679,-11,-47,945,304,231,410,512,201,232
2018,26,43,Japan,1684,,,62,1476,-18,-91,710,279,177,254,330,227,153
2018,27,44,Nigeria,1681,,,40,1666,10,51,606,212,240,154,276,155,175
2018,28,45,Russia,1678,,,22,1740,-7,-24,702,257,328,117,363,155,184
2018,29,48,Panama,1659,,,102,1336,2,3,478,172,181,125,149,211,118
2018,30,49,Tunisia,1657,,,53,1603,18,79,645,292,217,136,265,195,185
2018,31,50,Egypt,1646,,,34,1672,-2,-20,755,306,248,201,381,194,180
2018,32,63,Saudi Arabia,1591,,,77,1490,-5,-21,692,278,124,290,339,196,157
